Number,record_id,policy_id,entry_type,correct_type,update_type,update_level,description,date_announced,date_start,date_end,country,ISO_A3,ISO_A2,init_country_level,domestic_policy,province,city,type,type_sub_cat,type_text,school_status,target_country,target_geog_level,target_region,target_province,target_city,target_other,target_who_what,target_direction,travel_mechanism,compliance,enforcer,index_high_est,index_med_est,index_low_est,index_country_rank,link,date_updated,recorded_date
154,R_qEHkBinpDIsbaFPCw,4559103,new_entry,original,NA,NA,"The Baker-Polito Administration announced a three-week suspension of school operations for educational purposes at all public and private elementary and secondary (K-12) schools in Massachusetts, USA, beginning Tuesday, March 17 2020.",2020-03-15,2020-03-17,6/29/2020,United States of America,USA,US,Provincial,1,Massachusetts,NA,Closure and Regulation of Schools,Primary Schools (generally for children ages 10 and below),NA,Primary Schools closed/locked down,United States,NA,NA,Massachusetts,NA,NA,All Residents (Citizen Residents + Foreign Residents),NA,NA,Mandatory (Unspecified/Implied),Provincial/State Government,52.03942147,51.16908509,50.46913641,86,https://www.mass.gov/news/baker-polito-administration-announces-emergency-actions-to-address-covid-19,2020-04-12,2020-04-12
155,R_qEHkBinpDIsbaFPDr,4559103,new_entry,original,NA,NA,"The Baker-Polito Administration announced a three-week suspension of school operations for educational purposes at all public and private elementary and secondary (K-12) schools in Massachusetts, USA, beginning Tuesday, March 17 2020.",2020-03-15,2020-03-17,6/29/2020,United States of America,USA,US,Provincial,1,Massachusetts,NA,Closure and Regulation of Schools,Secondary Schools (generally for children ages 10 to 18),NA,Secondary Schools closed/locked down,United States,NA,NA,Massachusetts,NA,NA,All Residents (Citizen Residents + Foreign Residents),NA,NA,Mandatory (Unspecified/Implied),Provincial/State Government,52.03942147,51.16908509,50.46913641,86,https://www.mass.gov/news/baker-polito-administration-announces-emergency-actions-to-address-covid-19,2020-04-12,2020-04-12
302,R_3k7la5odfLESXDkCw,4559103,update,original,NA,Strengthening,"On March 15 2020, the Baker-Polito Administration announced a three-week suspension of school operations for educational purposes at all public and private elementary and secondary (K-12) schools in the Commonwealth beginning Tuesday, March 17. On March 18 2020, the administration extended this closure to preschools beginning March 23. On March 25, the administration extended all the above closures to May 4.",2020-03-25,2020-03-25,6/29/2020,United States of America,USA,US,Provincial,0,Massachusetts,NA,Closure and Regulation of Schools,Primary Schools (generally for children ages 10 and below),NA,Primary Schools closed/locked down,United States,NA,NA,Massachusetts,NA,NA,All Residents (Citizen Residents + Foreign Residents),NA,NA,Mandatory (Unspecified/Implied),Provincial/State Government,52.5582886,51.64160089,50.89320161,63,https://www.mass.gov/news/baker-polito-administration-announces-extension-of-school-and-non-emergency-child-care-program,2020-04-22,2020-04-22
303,R_3k7la5odfLESXDkDr,4559103,update,original,NA,Strengthening,"On March 15 2020, the Baker-Polito Administration announced a three-week suspension of school operations for educational purposes at all public and private elementary and secondary (K-12) schools in the Commonwealth beginning Tuesday, March 17. On March 18 2020, the administration extended this closure to preschools beginning March 23. On March 25, the administration extended all the above closures to May 4.",2020-03-25,2020-03-25,6/29/2020,United States of America,USA,US,Provincial,0,Massachusetts,NA,Closure and Regulation of Schools,Secondary Schools (generally for children ages 10 to 18),NA,Secondary Schools closed/locked down,United States,NA,NA,Massachusetts,NA,NA,All Residents (Citizen Residents + Foreign Residents),NA,NA,Mandatory (Unspecified/Implied),Provincial/State Government,52.5582886,51.64160089,50.89320161,63,https://www.mass.gov/news/baker-polito-administration-announces-extension-of-school-and-non-emergency-child-care-program,2020-04-22,2020-04-22
438,R_1kOeoW12simJLSTCw,4559103,update,original,Change of Policy,Strengthening,"The Baker-Polito Administration announced a three-week suspension of school operations for educational purposes at all public and private elementary and secondary (K-12) schools in Massachusetts, USA, beginning Tuesday, March 17 2020.",2020-04-21,2020-04-21,6/29/2020,United States of America,USA,US,Provincial,0,Massachusetts,NA,Closure and Regulation of Schools,Primary Schools (generally for children ages 10 and below),NA,,United States,NA,NA,Massachusetts,NA,NA,All Residents (Citizen Residents + Foreign Residents),NA,NA,Mandatory (Unspecified/Implied),Provincial/State Government,53.21484976,52.25198374,51.51414157,64,https://www.mass.gov/news/baker-polito-administration-announces-emergency-actions-to-address-covid-19,2020-05-26,2020-05-26
439,R_1kOeoW12simJLSTDr,4559103,update,original,Change of Policy,Strengthening,"The Baker-Polito Administration announced a three-week suspension of school operations for educational purposes at all public and private elementary and secondary (K-12) schools in Massachusetts, USA, beginning Tuesday, March 17 2020.",2020-04-21,2020-04-21,6/29/2020,United States of America,USA,US,Provincial,0,Massachusetts,NA,Closure and Regulation of Schools,Secondary Schools (generally for children ages 10 to 18),NA,,United States,NA,NA,Massachusetts,NA,NA,All Residents (Citizen Residents + Foreign Residents),NA,NA,Mandatory (Unspecified/Implied),Provincial/State Government,53.21484976,52.25198374,51.51414157,64,https://www.mass.gov/news/baker-polito-administration-announces-emergency-actions-to-address-covid-19,2020-05-26,2020-05-26
684,R_8cf49EMoMnHTY5PNA,5839873,new_entry,original,NA,NA,"Governor Charlie Baker declared a State of Emergency in Massachusetts, USA, on 10.03.2020 to support the Commonwealth�s response to the outbreak of Coronavirus.",2020-03-10,2020-03-10,NA,United States of America,USA,US,Provincial,1,Massachusetts,NA,Declaration of Emergency,NA,NA,,United States,NA,NA,Massachusetts,NA,NA,All Residents (Citizen Residents + Foreign Residents),NA,NA,"Mandatory with Legal Penalties (Jail Time),Mandatory (Unspecified/Implied)","Ministry/Department of Health,Provincial/State Government,Other (Please specify in the text box)",51.54153435,50.6388796,49.96800583,116,https://www.mass.gov/news/governor-baker-declares-state-of-emergency-to-support-commonwealths-response-to-coronavirus,2020-04-09,2020-04-09
976,R_2fxPfRXscFiinQdNA,7527640,new_entry,original,NA,NA,Governor Charlie Baker of Massachusetts announced on April 1st that the Governor�s Office has hired Attorney Mark W. Pearlstein to conduct an independent investigation of the Holyoke Soldiers� Home and the events that led to the recent tragic deaths from COVID-19 within that facility.,2020-04-01,2020-04-01,NA,United States of America,USA,US,Provincial,1,Massachusetts,NA,Health Monitoring,NA,NA,,United States,One or more geographical or administrative units within one or more countries,NA,Massachusetts,NA,NA,All Residents (Citizen Residents + Foreign Residents),NA,Not Applicable,Mandatory (Unspecified/Implied),"Ministry/Department of Health,Provincial/State Government,Other (Please specify in the text box)",52.76384998,51.9533973,51.30933013,61,https://www.mass.gov/news/governor-charlie-baker-announces-attorney-mark-w-pearlstein-to-investigate-holyoke-soldiers,2020-04-26,2020-04-26
979,R_baouSL0DNES43uxNA,3472459,new_entry,original,NA,NA,"On 0/03/2020 the Baker-Polito Administration announced the creation of the COVID-19 Community Tracing Collaborative (CTC) to mitigate the spread of COVID-19 in Massachusetts, USA.",2020-04-03,2020-04-03,NA,United States of America,USA,US,Provincial,1,Massachusetts,NA,Health Monitoring,NA,NA,,United States,One or more geographical or administrative units within one or more countries,NA,Massachusetts,NA,NA,All Residents (Citizen Residents + Foreign Residents),NA,Not Applicable,Mandatory (Unspecified/Implied),"Ministry/Department of Health,Provincial/State Government",52.81111251,52.02612593,51.32872841,60,https://www.mass.gov/news/baker-polito-administration-announces-covid-19-community-tracing-collaborative-to-further,2020-04-08,2020-04-08
1113,R_3GkWsxKS2XaosYmCg,7899200,new_entry,original,NA,NA,"The Baker-Polito Administration on 03.14.2020 announced the creation of a new COVID-19 Response Command Center, to complement the work that has been underway for weeks across state government to keep residents safe and healthy.",2020-03-14,2020-03-14,NA,United States of America,USA,US,Provincial,1,Massachusetts,NA,Health Resources,Other Health Infrastructure,NA,,United States,One or more geographical or administrative units within one or more countries,NA,Massachusetts,NA,NA,All Residents (Citizen Residents + Foreign Residents),NA,Not Applicable,Voluntary/Recommended but No Penalties,"Ministry/Department of Health,Provincial/State Government",51.72155166,50.90753361,50.30207824,96,https://www.mass.gov/news/baker-polito-administration-launches-covid-19-response-command-center,2020-04-12,2020-04-12
1145,R_334pnKVdl7qwUbRCh,9321327,new_entry,original,NA,NA,"The Baker-Polito Administration on 03.17.2020 announced several emergency orders expediting the onboarding process of more licensed health care professionals and the distribution of an initial $5 million in emergency funding to local boards of health throughout the Commonwealth, with more funding to be distributed soon.",2020-03-17,2020-03-17,NA,United States of America,USA,US,Provincial,1,Massachusetts,NA,Health Resources,Other Health Materials,NA,,United States,One or more geographical or administrative units within one or more countries,NA,Massachusetts,NA,NA,All Residents (Citizen Residents + Foreign Residents),NA,Not Applicable,Voluntary/Recommended but No Penalties,Provincial/State Government,52.03942147,51.16908509,50.46913641,86,https://www.mass.gov/news/baker-polito-administration-announces-changes-to-expedite-health-care-licensing-increase,2020-04-12,2020-04-12
1146,R_334pnKVdl7qwUbREf,9321327,new_entry,original,NA,NA,"The Baker-Polito Administration on 03.17.2020 announced several emergency orders expediting the onboarding process of more licensed health care professionals and the distribution of an initial $5 million in emergency funding to local boards of health throughout the Commonwealth, with more funding to be distributed soon.",2020-03-17,2020-03-17,NA,United States of America,USA,US,Provincial,1,Massachusetts,NA,Health Resources,Unspecified Health Staff,NA,,United States,One or more geographical or administrative units within one or more countries,NA,Massachusetts,NA,NA,All Residents (Citizen Residents + Foreign Residents),NA,Not Applicable,Voluntary/Recommended but No Penalties,Provincial/State Government,52.03942147,51.16908509,50.46913641,86,https://www.mass.gov/news/baker-polito-administration-announces-changes-to-expedite-health-care-licensing-increase,2020-04-12,2020-04-12
1189,R_sSGDKX9gCB17h61Ch,6809455,new_entry,original,NA,NA,"The Baker-Polito Administration on 03.20.2020 announced new actions to support the ongoing COVID-19 response, including new financial support for health care providers and a new federal waiver request to give the state expanded flexibility to respond to the public health emergency.",2020-03-20,2020-03-20,NA,United States of America,USA,US,Provincial,1,Massachusetts,NA,Health Resources,Other Health Materials,NA,,United States,One or more geographical or administrative units within one or more countries,NA,Massachusetts,NA,NA,All Residents (Citizen Residents + Foreign Residents),NA,Not Applicable,Voluntary/Recommended but No Penalties,Provincial/State Government,52.31919483,51.4290302,50.69361883,77,https://www.mass.gov/news/baker-polito-administration-announces-new-health-care-resources-small-business-relief-other,2020-04-12,2020-04-12
1291,R_bJUeK52QNxXf3FvBh,2089393,new_entry,original,NA,NA,"Baker-Polito Administration of Massachusetts, USA, today announced that a former Boston Medical Center hospital building will be temporarily reopened and used to meet COVID-19 related medical needs of area homeless residents.",2020-03-26,2020-03-26,NA,United States of America,USA,US,Provincial,1,Massachusetts,NA,Health Resources,Hospitals,NA,,United States,One or more geographical or administrative units within one or more countries,NA,Massachusetts,NA,NA,All Residents (Citizen Residents + Foreign Residents),NA,Not Applicable,Voluntary/Recommended but No Penalties,Provincial/State Government,52.5480048,51.70623677,50.94438502,63,https://www.mass.gov/news/massachusetts-dedicates-former-hospital-for-shelter-treatment-of-homeless-individuals,2020-04-22,2020-04-22
1293,R_10Z99hZqITdukrzCa,3408359,new_entry,original,NA,NA,"On March 26 2020, the Baker-Polito Administration of Massachusetts, USA, gave expedited approval for pharmacists licensed in other states to practice in Massachusetts, and allowing the remote processing of prescriptions by pharmacy technicians, exempted health care facilities from the requirement that they submit a Notice of Determination of Need for certain activities that will support their response to COVID-19 and\nexempted hospitals from certain nurse-staffing requirements, while requiring that they must ensure that staffing levels remain adequate to meet patients� needs, and staff is trained and competent to meet the needs of their patients.",2020-03-26,2020-03-26,NA,United States of America,USA,US,Provincial,1,Massachusetts,NA,Health Resources,Nurses,NA,,United States,One or more geographical or administrative units within one or more countries,NA,Massachusetts,NA,NA,All Residents (Citizen Residents + Foreign Residents),NA,Not Applicable,Voluntary/Recommended but No Penalties,Provincial/State Government,52.5480048,51.70623677,50.94438502,63,https://www.mass.gov/news/baker-polito-administration-announces-federal-disaster-request-and-other-covid-19-response,2020-04-22,2020-04-22
1294,R_10Z99hZqITdukrzCi,3408359,new_entry,original,NA,NA,"On March 26 2020, the Baker-Polito Administration of Massachusetts, USA, gave expedited approval for pharmacists licensed in other states to practice in Massachusetts, and allowing the remote processing of prescriptions by pharmacy technicians, exempted health care facilities from the requirement that they submit a Notice of Determination of Need for certain activities that will support their response to COVID-19 and\nexempted hospitals from certain nurse-staffing requirements, while requiring that they must ensure that staffing levels remain adequate to meet patients� needs, and staff is trained and competent to meet the needs of their patients.",2020-03-26,2020-03-26,NA,United States of America,USA,US,Provincial,1,Massachusetts,NA,Health Resources,Other Heath Staff,NA,,United States,One or more geographical or administrative units within one or more countries,NA,Massachusetts,NA,NA,All Residents (Citizen Residents + Foreign Residents),NA,Not Applicable,Voluntary/Recommended but No Penalties,Provincial/State Government,52.5480048,51.70623677,50.94438502,63,https://www.mass.gov/news/baker-polito-administration-announces-federal-disaster-request-and-other-covid-19-response,2020-04-22,2020-04-22
1302,R_2YDh5fvZWb6WrIBAs,3550746,new_entry,original,NA,NA,"Medical schools facilitate early graduation of their qualified fourth-year students to allow graduates to support the health care workforce. Medical school graduates who have matched as an intern, resident or fellow with a Board-approved Massachusetts health care facility or training program with Emergency 90-Day Limited Licenses will be allowed to practice medicine. The administration has issued a public health order to provide APRNs in good standing with greater flexibility in their prescribing practices. Efforts have been made to match volunteers with communities and health care providers based on skillsets and need.",2020-03-27,2020-03-27,NA,United States of America,USA,US,Provincial,1,Massachusetts,NA,Health Resources,Doctors,NA,,United States,One or more geographical or administrative units within one or more countries,NA,Massachusetts,NA,NA,All Residents (Citizen Residents + Foreign Residents),NA,Not Applicable,Voluntary/Recommended but No Penalties,"Provincial/State Government,Other (Please specify in the text box)",52.67395709,51.73972633,50.97799273,61,https://www.mass.gov/news/baker-polito-administration-announces-travel-guidelines-and-new-health-care-resources-to,2020-04-26,2020-04-26
1303,R_2YDh5fvZWb6WrIBCa,3550746,new_entry,original,NA,NA,"Medical schools facilitate early graduation of their qualified fourth-year students to allow graduates to support the health care workforce. Medical school graduates who have matched as an intern, resident or fellow with a Board-approved Massachusetts health care facility or training program with Emergency 90-Day Limited Licenses will be allowed to practice medicine. The administration has issued a public health order to provide APRNs in good standing with greater flexibility in their prescribing practices. Efforts have been made to match volunteers with communities and health care providers based on skillsets and need.",2020-03-27,2020-03-27,NA,United States of America,USA,US,Provincial,1,Massachusetts,NA,Health Resources,Nurses,NA,,United States,One or more geographical or administrative units within one or more countries,NA,Massachusetts,NA,NA,All Residents (Citizen Residents + Foreign Residents),NA,Not Applicable,Voluntary/Recommended but No Penalties,"Provincial/State Government,Other (Please specify in the text box)",52.67395709,51.73972633,50.97799273,61,https://www.mass.gov/news/baker-polito-administration-announces-travel-guidelines-and-new-health-care-resources-to,2020-04-26,2020-04-26
1304,R_2YDh5fvZWb6WrIBBf,3550746,new_entry,original,NA,NA,"Medical schools facilitate early graduation of their qualified fourth-year students to allow graduates to support the health care workforce. Medical school graduates who have matched as an intern, resident or fellow with a Board-approved Massachusetts health care facility or training program with Emergency 90-Day Limited Licenses will be allowed to practice medicine. The administration has issued a public health order to provide APRNs in good standing with greater flexibility in their prescribing practices. Efforts have been made to match volunteers with communities and health care providers based on skillsets and need.",2020-03-27,2020-03-27,NA,United States of America,USA,US,Provincial,1,Massachusetts,NA,Health Resources,Health Volunteers,NA,,United States,One or more geographical or administrative units within one or more countries,NA,Massachusetts,NA,NA,All Residents (Citizen Residents + Foreign Residents),NA,Not Applicable,Voluntary/Recommended but No Penalties,"Provincial/State Government,Other (Please specify in the text box)",52.67395709,51.73972633,50.97799273,61,https://www.mass.gov/news/baker-polito-administration-announces-travel-guidelines-and-new-health-care-resources-to,2020-04-26,2020-04-26
1305,R_3FVd9lT3rxav15sCg,4302643,new_entry,original,NA,NA,The Baker-Polito Administration of Massachusetts announced the launch of Buoy Health�s new online resource for residents to check their symptoms and connect with the next appropriate health care resource.,2020-03-27,2020-03-27,NA,United States of America,USA,US,Provincial,1,Massachusetts,NA,Health Resources,Other Health Infrastructure,NA,,United States,One or more geographical or administrative units within one or more countries,NA,Massachusetts,NA,NA,All Residents (Citizen Residents + Foreign Residents),NA,Not Applicable,Voluntary/Recommended but No Penalties,"Ministry/Department of Health,Provincial/State Government",52.67395709,51.73972633,50.97799273,61,https://www.mass.gov/news/baker-polito-administration-announces-travel-guidelines-and-new-health-care-resources-to,2020-04-26,2020-04-26
1336,R_2TAa4wpFkuLiA1MBu,469737,new_entry,original,NA,NA,The Baker-Polito Administration announced an online portal where individuals and companies can easily donate or sell personal protective equipment (PPE) and volunteer to support the COVID-19 outbreak in Massachusetts.,2020-03-29,2020-03-29,NA,United States of America,USA,US,Provincial,1,Massachusetts,NA,Health Resources,Masks,NA,,United States,One or more geographical or administrative units within one or more countries,NA,Massachusetts,NA,NA,All Residents (Citizen Residents + Foreign Residents),NA,Not Applicable,Voluntary/Recommended but No Penalties,"Ministry/Department of Health,Provincial/State Government",52.77915869,51.81296251,51.11071178,62,https://www.mass.gov/news/baker-polito-administration-launches-online-portal-for-personal-protective-equipment,2020-04-26,2020-04-26
1337,R_2TAa4wpFkuLiA1MEk,469737,new_entry,original,NA,NA,The Baker-Polito Administration announced an online portal where individuals and companies can easily donate or sell personal protective equipment (PPE) and volunteer to support the COVID-19 outbreak in Massachusetts.,2020-03-29,2020-03-29,NA,United States of America,USA,US,Provincial,1,Massachusetts,NA,Health Resources,Ventilators,NA,,United States,One or more geographical or administrative units within one or more countries,NA,Massachusetts,NA,NA,All Residents (Citizen Residents + Foreign Residents),NA,Not Applicable,Voluntary/Recommended but No Penalties,"Ministry/Department of Health,Provincial/State Government",52.77915869,51.81296251,51.11071178,62,https://www.mass.gov/news/baker-polito-administration-launches-online-portal-for-personal-protective-equipment,2020-04-26,2020-04-26
1338,R_2TAa4wpFkuLiA1MCr,469737,new_entry,original,NA,NA,The Baker-Polito Administration announced an online portal where individuals and companies can easily donate or sell personal protective equipment (PPE) and volunteer to support the COVID-19 outbreak in Massachusetts.,2020-03-29,2020-03-29,NA,United States of America,USA,US,Provincial,1,Massachusetts,NA,Health Resources,Personal Protective Equipment,NA,,United States,One or more geographical or administrative units within one or more countries,NA,Massachusetts,NA,NA,All Residents (Citizen Residents + Foreign Residents),NA,Not Applicable,Voluntary/Recommended but No Penalties,"Ministry/Department of Health,Provincial/State Government",52.77915869,51.81296251,51.11071178,62,https://www.mass.gov/news/baker-polito-administration-launches-online-portal-for-personal-protective-equipment,2020-04-26,2020-04-26
1339,R_2TAa4wpFkuLiA1MBa,469737,new_entry,original,NA,NA,The Baker-Polito Administration announced an online portal where individuals and companies can easily donate or sell personal protective equipment (PPE) and volunteer to support the COVID-19 outbreak in Massachusetts.,2020-03-29,2020-03-29,NA,United States of America,USA,US,Provincial,1,Massachusetts,NA,Health Resources,Hand Sanitizer,NA,,United States,One or more geographical or administrative units within one or more countries,NA,Massachusetts,NA,NA,All Residents (Citizen Residents + Foreign Residents),NA,Not Applicable,Voluntary/Recommended but No Penalties,"Ministry/Department of Health,Provincial/State Government",52.77915869,51.81296251,51.11071178,62,https://www.mass.gov/news/baker-polito-administration-launches-online-portal-for-personal-protective-equipment,2020-04-26,2020-04-26
1340,R_2TAa4wpFkuLiA1MCh,469737,new_entry,original,NA,NA,The Baker-Polito Administration announced an online portal where individuals and companies can easily donate or sell personal protective equipment (PPE) and volunteer to support the COVID-19 outbreak in Massachusetts.,2020-03-29,2020-03-29,NA,United States of America,USA,US,Provincial,1,Massachusetts,NA,Health Resources,Other Health Materials,NA,,United States,One or more geographical or administrative units within one or more countries,NA,Massachusetts,NA,NA,All Residents (Citizen Residents + Foreign Residents),NA,Not Applicable,Voluntary/Recommended but No Penalties,"Ministry/Department of Health,Provincial/State Government",52.77915869,51.81296251,51.11071178,62,https://www.mass.gov/news/baker-polito-administration-launches-online-portal-for-personal-protective-equipment,2020-04-26,2020-04-26
1341,R_2TAa4wpFkuLiA1MBf,469737,new_entry,original,NA,NA,The Baker-Polito Administration announced an online portal where individuals and companies can easily donate or sell personal protective equipment (PPE) and volunteer to support the COVID-19 outbreak in Massachusetts.,2020-03-29,2020-03-29,NA,United States of America,USA,US,Provincial,1,Massachusetts,NA,Health Resources,Health Volunteers,NA,,United States,One or more geographical or administrative units within one or more countries,NA,Massachusetts,NA,NA,All Residents (Citizen Residents + Foreign Residents),NA,Not Applicable,Voluntary/Recommended but No Penalties,"Ministry/Department of Health,Provincial/State Government",52.77915869,51.81296251,51.11071178,62,https://www.mass.gov/news/baker-polito-administration-launches-online-portal-for-personal-protective-equipment,2020-04-26,2020-04-26
1344,R_1Cvk7jx6YuFkmj4As,1664350,new_entry,original,NA,NA,"Department of Public Health has issued an order designed to provide on-demand licensing and re-licensing for certain health care professionals. The Order expedites licensing for professionals with licenses in good standing in other states, and professionals who have allowed their Massachusetts licenses to expire within the past 10 years while in good standing.",2020-03-30,2020-03-30,NA,United States of America,USA,US,Provincial,1,Massachusetts,NA,Health Resources,Doctors,NA,,United States,One or more geographical or administrative units within one or more countries,NA,Massachusetts,NA,NA,All Residents (Citizen Residents + Foreign Residents),NA,Not Applicable,Voluntary/Recommended but No Penalties,"Ministry/Department of Health,Provincial/State Government",52.78794272,51.85585643,51.22342193,62,https://www.mass.gov/news/baker-polito-administration-announces-new-actions-to-expand-health-care-workforce-other,2020-04-26,2020-04-26
1345,R_1Cvk7jx6YuFkmj4Ca,1664350,new_entry,original,NA,NA,"Department of Public Health has issued an order designed to provide on-demand licensing and re-licensing for certain health care professionals. The Order expedites licensing for professionals with licenses in good standing in other states, and professionals who have allowed their Massachusetts licenses to expire within the past 10 years while in good standing.",2020-03-30,2020-03-30,NA,United States of America,USA,US,Provincial,1,Massachusetts,NA,Health Resources,Nurses,NA,,United States,One or more geographical or administrative units within one or more countries,NA,Massachusetts,NA,NA,All Residents (Citizen Residents + Foreign Residents),NA,Not Applicable,Voluntary/Recommended but No Penalties,"Ministry/Department of Health,Provincial/State Government",52.78794272,51.85585643,51.22342193,62,https://www.mass.gov/news/baker-polito-administration-announces-new-actions-to-expand-health-care-workforce-other,2020-04-26,2020-04-26
1346,R_1Cvk7jx6YuFkmj4Bf,1664350,new_entry,original,NA,NA,"Department of Public Health has issued an order designed to provide on-demand licensing and re-licensing for certain health care professionals. The Order expedites licensing for professionals with licenses in good standing in other states, and professionals who have allowed their Massachusetts licenses to expire within the past 10 years while in good standing.",2020-03-30,2020-03-30,NA,United States of America,USA,US,Provincial,1,Massachusetts,NA,Health Resources,Health Volunteers,NA,,United States,One or more geographical or administrative units within one or more countries,NA,Massachusetts,NA,NA,All Residents (Citizen Residents + Foreign Residents),NA,Not Applicable,Voluntary/Recommended but No Penalties,"Ministry/Department of Health,Provincial/State Government",52.78794272,51.85585643,51.22342193,62,https://www.mass.gov/news/baker-polito-administration-announces-new-actions-to-expand-health-care-workforce-other,2020-04-26,2020-04-26
1347,R_1Cvk7jx6YuFkmj4Ef,1664350,new_entry,original,NA,NA,"Department of Public Health has issued an order designed to provide on-demand licensing and re-licensing for certain health care professionals. The Order expedites licensing for professionals with licenses in good standing in other states, and professionals who have allowed their Massachusetts licenses to expire within the past 10 years while in good standing.",2020-03-30,2020-03-30,NA,United States of America,USA,US,Provincial,1,Massachusetts,NA,Health Resources,Unspecified Health Staff,NA,,United States,One or more geographical or administrative units within one or more countries,NA,Massachusetts,NA,NA,All Residents (Citizen Residents + Foreign Residents),NA,Not Applicable,Voluntary/Recommended but No Penalties,"Ministry/Department of Health,Provincial/State Government",52.78794272,51.85585643,51.22342193,62,https://www.mass.gov/news/baker-polito-administration-announces-new-actions-to-expand-health-care-workforce-other,2020-04-26,2020-04-26
1354,R_1g0bdjbUv6PpqA2Bh,4873591,new_entry,original,NA,NA,The Baker-Polito Administration�s COVID-19 Response Command Center is working with long-term care facilities to establish dedicated skilled nursing facilities to care for individuals infected with COVID-19. The initiative offers an alternative location where individuals who are stable but still need medical care can be transferred to recover.,2020-03-30,2020-03-30,NA,United States of America,USA,US,Provincial,1,Massachusetts,NA,Health Resources,Hospitals,NA,,United States,One or more geographical or administrative units within one or more countries,NA,Massachusetts,NA,NA,All Residents (Citizen Residents + Foreign Residents),NA,Not Applicable,Voluntary/Recommended but No Penalties,"Ministry/Department of Health,Provincial/State Government",52.78794272,51.85585643,51.22342193,62,https://www.mass.gov/news/baker-polito-administration-announces-new-actions-to-expand-health-care-workforce-other,2020-04-26,2020-04-26
1416,R_xbblu2Yh6fxNXk5Dw,819048,new_entry,original,NA,NA,The Baker-Polito Administration of Massachusetts today announced that a field medical station with more than 200 beds is scheduled to be set up at the DCU Center in Worcester starting Wednesday.,2020-03-31,2020-04-01,NA,United States of America,USA,US,Provincial,1,Massachusetts,NA,Health Resources,Temporary Medical Centers,NA,,United States,One or more geographical or administrative units within one or more countries,NA,Massachusetts,NA,NA,All Residents (Citizen Residents + Foreign Residents),NA,Not Applicable,Voluntary/Recommended but No Penalties,"Ministry/Department of Health,Provincial/State Government",52.76384998,51.9533973,51.30933013,61,https://www.mass.gov/news/dcu-center-in-worcester-to-be-used-as-a-field-medical-station,2020-04-26,2020-04-26
1437,R_3FRS7GWkim7vdRTCh,9249640,new_entry,original,NA,NA,"Baker-Polito Administration Outlines Response Efforts To Boost Hospital Capacity in Massacussetts, USA.",2020-04-02,2020-04-02,NA,United States of America,USA,US,Provincial,1,Massachusetts,NA,Health Resources,Other Health Materials,NA,,United States,One or more geographical or administrative units within one or more countries,NA,Massachusetts,NA,NA,All Residents (Citizen Residents + Foreign Residents),NA,Not Applicable,Voluntary/Recommended but No Penalties,"Ministry/Department of Health,Provincial/State Government",52.81663278,51.98982656,51.31771267,59,https://www.mass.gov/news/baker-polito-administration-outlines-covid-19-surge-modeling-response-efforts-to-boost,2020-04-08,2020-04-08
1485,R_3meCnBraFdhkvu4Cg,1065116,new_entry,original,NA,NA,"The Baker-Polito Administration of Massachusetts on April 7th announced a new financial package to support providers through the MassHealth program. The Administration also announced new resources to support older adults living in long-term care facilities and their families, including a Nursing Home Mobile Testing Program and a Nursing Home Family Resource Line.",2020-04-07,2020-04-07,NA,United States of America,USA,US,Provincial,1,Massachusetts,NA,Health Resources,Other Health Infrastructure,NA,,United States,One or more geographical or administrative units within one or more countries,NA,Massachusetts,NA,NA,All Residents (Citizen Residents + Foreign Residents),NA,Not Applicable,Voluntary/Recommended but No Penalties,"Ministry/Department of Health,Provincial/State Government",52.94104585,52.11271909,51.40723374,61,https://www.mass.gov/news/baker-polito-administration-announces-increased-resources-for-health-care-providers-expanded,2020-04-26,2020-04-26
1486,R_3meCnBraFdhkvu4Ci,1065116,new_entry,original,NA,NA,"The Baker-Polito Administration of Massachusetts on April 7th announced a new financial package to support providers through the MassHealth program. The Administration also announced new resources to support older adults living in long-term care facilities and their families, including a Nursing Home Mobile Testing Program and a Nursing Home Family Resource Line.",2020-04-07,2020-04-07,NA,United States of America,USA,US,Provincial,1,Massachusetts,NA,Health Resources,Other Heath Staff,NA,,United States,One or more geographical or administrative units within one or more countries,NA,Massachusetts,NA,NA,All Residents (Citizen Residents + Foreign Residents),NA,Not Applicable,Voluntary/Recommended but No Penalties,"Ministry/Department of Health,Provincial/State Government",52.94104585,52.11271909,51.40723374,61,https://www.mass.gov/news/baker-polito-administration-announces-increased-resources-for-health-care-providers-expanded,2020-04-26,2020-04-26
1493,R_UbjyknnLoQg95DPDy,9535517,new_entry,original,NA,NA,"Baker-Polito Administration Announces Increased Resources For Health Care Providers, Expanded Support For Long-Term Care Facilities, COVID-19 Testing Initiatives in Massachusetts, USA.",2020-04-07,2020-04-07,NA,United States of America,USA,US,Provincial,1,Massachusetts,NA,Health Resources,Test Kits,NA,,United States,One or more geographical or administrative units within one or more countries,NA,Massachusetts,NA,NA,All Residents (Citizen Residents + Foreign Residents),NA,Not Applicable,Voluntary/Recommended but No Penalties,Provincial/State Government,52.94104585,52.11271909,51.40723374,61,https://www.mass.gov/news/baker-polito-administration-announces-increased-resources-for-health-care-providers-expanded,2020-04-08,2020-04-08
1494,R_UbjyknnLoQg95DPEe,9535517,new_entry,original,NA,NA,"Baker-Polito Administration Announces Increased Resources For Health Care Providers, Expanded Support For Long-Term Care Facilities, COVID-19 Testing Initiatives in Massachusetts, USA.",2020-04-07,2020-04-07,NA,United States of America,USA,US,Provincial,1,Massachusetts,NA,Health Resources,Unspecified Health Materials,NA,,United States,One or more geographical or administrative units within one or more countries,NA,Massachusetts,NA,NA,All Residents (Citizen Residents + Foreign Residents),NA,Not Applicable,Voluntary/Recommended but No Penalties,Provincial/State Government,52.94104585,52.11271909,51.40723374,61,https://www.mass.gov/news/baker-polito-administration-announces-increased-resources-for-health-care-providers-expanded,2020-04-08,2020-04-08
1495,R_UbjyknnLoQg95DPBh,9535517,new_entry,original,NA,NA,"Baker-Polito Administration Announces Increased Resources For Health Care Providers, Expanded Support For Long-Term Care Facilities, COVID-19 Testing Initiatives in Massachusetts, USA.",2020-04-07,2020-04-07,NA,United States of America,USA,US,Provincial,1,Massachusetts,NA,Health Resources,Hospitals,NA,,United States,One or more geographical or administrative units within one or more countries,NA,Massachusetts,NA,NA,All Residents (Citizen Residents + Foreign Residents),NA,Not Applicable,Voluntary/Recommended but No Penalties,Provincial/State Government,52.94104585,52.11271909,51.40723374,61,https://www.mass.gov/news/baker-polito-administration-announces-increased-resources-for-health-care-providers-expanded,2020-04-08,2020-04-08
1496,R_UbjyknnLoQg95DPDc,9535517,new_entry,original,NA,NA,"Baker-Polito Administration Announces Increased Resources For Health Care Providers, Expanded Support For Long-Term Care Facilities, COVID-19 Testing Initiatives in Massachusetts, USA.",2020-04-07,2020-04-07,NA,United States of America,USA,US,Provincial,1,Massachusetts,NA,Health Resources,Public Testing Facilities (e.g. drive-in testing for COVID-19),NA,,United States,One or more geographical or administrative units within one or more countries,NA,Massachusetts,NA,NA,All Residents (Citizen Residents + Foreign Residents),NA,Not Applicable,Voluntary/Recommended but No Penalties,Provincial/State Government,52.94104585,52.11271909,51.40723374,61,https://www.mass.gov/news/baker-polito-administration-announces-increased-resources-for-health-care-providers-expanded,2020-04-08,2020-04-08
1497,R_UbjyknnLoQg95DPEf,9535517,new_entry,original,NA,NA,"Baker-Polito Administration Announces Increased Resources For Health Care Providers, Expanded Support For Long-Term Care Facilities, COVID-19 Testing Initiatives in Massachusetts, USA.",2020-04-07,2020-04-07,NA,United States of America,USA,US,Provincial,1,Massachusetts,NA,Health Resources,Unspecified Health Staff,NA,,United States,One or more geographical or administrative units within one or more countries,NA,Massachusetts,NA,NA,All Residents (Citizen Residents + Foreign Residents),NA,Not Applicable,Voluntary/Recommended but No Penalties,Provincial/State Government,52.94104585,52.11271909,51.40723374,61,https://www.mass.gov/news/baker-polito-administration-announces-increased-resources-for-health-care-providers-expanded,2020-04-08,2020-04-08
1545,R_2rJBbq6eIjw4TbNCg,3341429,new_entry,original,NA,NA,"The Baker-Polito Administration of Massachusetts on April 9th announced the expansion of SafeLink, the Commonwealth�s statewide, 24/7, toll-free and confidential domestic violence hotline to now include resources and support for survivors of sexual assault",2020-04-09,2020-04-09,NA,United States of America,USA,US,Provincial,1,Massachusetts,NA,Health Resources,Other Health Infrastructure,NA,,United States,One or more geographical or administrative units within one or more countries,NA,Massachusetts,NA,NA,All Residents (Citizen Residents + Foreign Residents),NA,Not Applicable,Voluntary/Recommended but No Penalties,"Ministry/Department of Health,Provincial/State Government",53.02215216,52.09725459,51.42260734,61,https://www.mass.gov/news/baker-polito-administration-announces-field-medical-station-details-new-support-for-health,2020-04-27,2020-04-27
1550,R_2ZCujgkb2XVufeKDw,5833444,new_entry,original,NA,NA,"The Baker-Polito Administration of Massachusetts today announced details for the Field Medical Station at the Boston Convention and Exhibition Center. The Governor also issued orders to ease licensing restrictions for foreign-educated doctors to allow medical practice in the Commonwealth, expedite licensure of nursing students and graduates, and mandated that insurers must cover all medically required costs of COVID-19 treatment in out-of-network hospitals or other medical facilities with no charge to the patient, including co-pays, deductibles or co-insurance payments.",2020-04-09,2020-04-09,NA,United States of America,USA,US,Provincial,1,Massachusetts,NA,Health Resources,Temporary Medical Centers,NA,,United States,One or more geographical or administrative units within one or more countries,NA,Massachusetts,NA,NA,All Residents (Citizen Residents + Foreign Residents),NA,Not Applicable,Voluntary/Recommended but No Penalties,"Ministry/Department of Health,Provincial/State Government",53.02215216,52.09725459,51.42260734,61,https://www.mass.gov/news/baker-polito-administration-announces-field-medical-station-details-new-support-for-health,2020-04-27,2020-04-27
1551,R_2ZCujgkb2XVufeKAs,5833444,new_entry,original,NA,NA,"The Baker-Polito Administration of Massachusetts today announced details for the Field Medical Station at the Boston Convention and Exhibition Center. The Governor also issued orders to ease licensing restrictions for foreign-educated doctors to allow medical practice in the Commonwealth, expedite licensure of nursing students and graduates, and mandated that insurers must cover all medically required costs of COVID-19 treatment in out-of-network hospitals or other medical facilities with no charge to the patient, including co-pays, deductibles or co-insurance payments.",2020-04-09,2020-04-09,NA,United States of America,USA,US,Provincial,1,Massachusetts,NA,Health Resources,Doctors,NA,,United States,One or more geographical or administrative units within one or more countries,NA,Massachusetts,NA,NA,All Residents (Citizen Residents + Foreign Residents),NA,Not Applicable,Voluntary/Recommended but No Penalties,"Ministry/Department of Health,Provincial/State Government",53.02215216,52.09725459,51.42260734,61,https://www.mass.gov/news/baker-polito-administration-announces-field-medical-station-details-new-support-for-health,2020-04-27,2020-04-27
1552,R_2ZCujgkb2XVufeKCa,5833444,new_entry,original,NA,NA,"The Baker-Polito Administration of Massachusetts today announced details for the Field Medical Station at the Boston Convention and Exhibition Center. The Governor also issued orders to ease licensing restrictions for foreign-educated doctors to allow medical practice in the Commonwealth, expedite licensure of nursing students and graduates, and mandated that insurers must cover all medically required costs of COVID-19 treatment in out-of-network hospitals or other medical facilities with no charge to the patient, including co-pays, deductibles or co-insurance payments.",2020-04-09,2020-04-09,NA,United States of America,USA,US,Provincial,1,Massachusetts,NA,Health Resources,Nurses,NA,,United States,One or more geographical or administrative units within one or more countries,NA,Massachusetts,NA,NA,All Residents (Citizen Residents + Foreign Residents),NA,Not Applicable,Voluntary/Recommended but No Penalties,"Ministry/Department of Health,Provincial/State Government",53.02215216,52.09725459,51.42260734,61,https://www.mass.gov/news/baker-polito-administration-announces-field-medical-station-details-new-support-for-health,2020-04-27,2020-04-27
1553,R_2ZCujgkb2XVufeKBc,5833444,new_entry,original,NA,NA,"The Baker-Polito Administration of Massachusetts today announced details for the Field Medical Station at the Boston Convention and Exhibition Center. The Governor also issued orders to ease licensing restrictions for foreign-educated doctors to allow medical practice in the Commonwealth, expedite licensure of nursing students and graduates, and mandated that insurers must cover all medically required costs of COVID-19 treatment in out-of-network hospitals or other medical facilities with no charge to the patient, including co-pays, deductibles or co-insurance payments.",2020-04-09,2020-04-09,NA,United States of America,USA,US,Provincial,1,Massachusetts,NA,Health Resources,Health Insurance,NA,,United States,One or more geographical or administrative units within one or more countries,NA,Massachusetts,NA,NA,All Residents (Citizen Residents + Foreign Residents),NA,Not Applicable,Voluntary/Recommended but No Penalties,"Ministry/Department of Health,Provincial/State Government",53.02215216,52.09725459,51.42260734,61,https://www.mass.gov/news/baker-polito-administration-announces-field-medical-station-details-new-support-for-health,2020-04-27,2020-04-27
1559,R_1FE4efhQmiuZWXwCg,109721,new_entry,original,NA,NA,"On 10th April, the Baker-Polito Administration provided an update on the Commonwealth�s hospital capacity and efforts to add more beds to the system to meet the expected surge in COVID-19 cases.",2020-04-10,2020-04-10,NA,United States of America,USA,US,Provincial,1,Massachusetts,NA,Health Resources,Other Health Infrastructure,NA,,United States,One or more geographical or administrative units within one or more countries,NA,Massachusetts,NA,NA,All Residents (Citizen Residents + Foreign Residents),NA,Not Applicable,Voluntary/Recommended but No Penalties,"Ministry/Department of Health,Provincial/State Government",53.04068265,52.14216557,51.39198901,62,https://www.mass.gov/news/baker-polito-administration-provides-update-on-hospital-surge-capacity,2020-04-27,2020-04-27
1561,R_3p91mXGZVGRHf9bBu,1581141,new_entry,original,NA,NA,"On April 10th, a new Department of Public Health advisory, consistent with CDC guidance, recommends that all residents wear a mask or face covering in public when social distancing is not possible. In addition, the Executive Branch issued similar guidance to state employees recommending when masks or face coverings should be utilized while working.",2020-04-10,2020-04-10,NA,United States of America,USA,US,Provincial,1,Massachusetts,NA,Health Resources,Masks,NA,,United States,One or more geographical or administrative units within one or more countries,NA,Massachusetts,NA,NA,All Residents (Citizen Residents + Foreign Residents),NA,Not Applicable,Voluntary/Recommended but No Penalties,"Ministry/Department of Health,Provincial/State Government",53.04068265,52.14216557,51.39198901,62,https://www.mass.gov/news/baker-polito-administration-issues-further-public-health-guidance-to-mitigate-spread-of-covid,2020-04-27,2020-04-27
1564,R_2rJcpnGTBxB0lsaCi,3370362,new_entry,original,NA,NA,"On April 10th, the Baker-Polito Administration authorized the activation of an additional 3,000 military personnel of the Massachusetts National Guard to support the Commonwealth�s COVID-19 response.",2020-04-10,2020-04-10,NA,United States of America,USA,US,Provincial,1,Massachusetts,NA,Health Resources,Other Heath Staff,NA,,United States,One or more geographical or administrative units within one or more countries,NA,Massachusetts,NA,NA,All Residents (Citizen Residents + Foreign Residents),NA,Not Applicable,Mandatory (Unspecified/Implied),"Ministry/Department of Health,Provincial/State Government",53.04068265,52.14216557,51.39198901,62,https://www.mass.gov/news/baker-polito-administration-issues-further-public-health-guidance-to-mitigate-spread-of-covid,2020-04-27,2020-04-27
1737,R_3qR310qyrkPvZ3dDw,819048,update,original,End of Policy,NA,The Baker-Polito Administration of Massachusetts today announced that a field medical station with more than 200 beds is scheduled to be set up at the DCU Center in Worcester starting Wednesday.,2020-05-18,2020-05-20,NA,United States of America,USA,US,Provincial,0,Massachusetts,NA,Health Resources,Temporary Medical Centers,NA,,United States,One or more geographical or administrative units within one or more countries,NA,Massachusetts,NA,NA,All Residents (Citizen Residents + Foreign Residents),NA,Not Applicable,Voluntary/Recommended but No Penalties,"Ministry/Department of Health,Provincial/State Government",NA,NA,NA,NA,https://www.mass.gov/news/dcu-center-in-worcester-to-be-used-as-a-field-medical-station,2020-06-05,2020-06-05
1831,R_3MKmMPCGmQmuyIjNA,8157587,new_entry,original,NA,NA,"Massachusetts is implementing a pilot project that allows for safe, on-site testing of symptomatic residents of nursing and rest homes with a quick turnaround.",2020-03-31,2020-03-31,NA,United States of America,USA,US,Provincial,1,Massachusetts,NA,Health Testing,NA,NA,,United States,One or more geographical or administrative units within one or more countries,NA,Massachusetts,NA,NA,All Residents (Citizen Residents + Foreign Residents),NA,Not Applicable,Voluntary/Recommended but No Penalties,"Ministry/Department of Health,Provincial/State Government,Other (Please specify in the text box)",52.74924417,51.9128854,51.23023123,61,https://www.mass.gov/news/baker-polito-administration-extends-non-essential-business-closures-and-executive-branch,2020-04-26,2020-04-26
1835,R_1rPLrR9iD5WdX0ZNA,3261237,new_entry,original,NA,NA,"Baker-Polito Administration, CVS Announce Expansion Of Rapid COVID-19 Drive-Through Testing In Massachusetts, USA",2020-04-07,2020-04-07,NA,United States of America,USA,US,Provincial,1,Massachusetts,NA,Health Testing,NA,NA,,United States,One or more geographical or administrative units within one or more countries,NA,Massachusetts,NA,NA,All Residents (Citizen Residents + Foreign Residents),NA,Not Applicable,Voluntary/Recommended but No Penalties,"Ministry/Department of Health,Provincial/State Government",52.94104585,52.11271909,51.40723374,61,https://www.mass.gov/news/baker-polito-administration-cvs-announce-expansion-of-rapid-covid-19-drive-through-testing-in,2020-04-08,2020-04-08
1837,R_ROV58fxU5Xn3bkRNA,4540128,new_entry,original,NA,NA,"The Baker-Polito Administration today announced that COVID-19 testing for Massachusetts public safety personnel will be available at the Big E fairgrounds in West Springfield tomorrow (April 8), and will supplement a site at Gillette Stadium in Foxborough that launched earlier this week.",2020-04-08,2020-04-08,NA,United States of America,USA,US,Provincial,1,Massachusetts,NA,Health Testing,NA,NA,,United States,One or more geographical or administrative units within one or more countries,NA,Massachusetts,NA,NA,All Residents (Citizen Residents + Foreign Residents),NA,Not Applicable,Voluntary/Recommended but No Penalties,"Ministry/Department of Health,Provincial/State Government",52.99505011,52.1126292,51.39481934,60,https://www.mass.gov/news/baker-polito-administration-announces-testing-site-expansion-new-restrictions-for-grocery,2020-04-26,2020-04-26
1921,R_2798XdzqImrg6iGNA,8807424,new_entry,original,NA,NA,"Baker-Polito Administration issued a public health order on July 22nd, to prevent uninsured individuals from receiving surprise bills and copays because of a COVID-19 test.",2020-07-22,2020-07-22,NA,United States of America,USA,US,Provincial,0,Massachusetts,NA,Health Testing,NA,NA,,United States,NA,NA,Massachusetts,NA,NA,NA,NA,NA,Mandatory (Unspecified/Implied),Provincial/State Government,NA,NA,NA,NA,https://www.mass.gov/news/baker-polito-administration-announces-covid-19-testing-billing-protections-for-uninsured,2020-08-01,2020-08-01
1923,R_qDRVzW49ESuOXPrNA,4335100,new_entry,original,NA,NA,"Baker-Polito Administration announced, on May 27, 2020, an expansion of its �Stop the Spread� initiative, which provides free COVID-19 testing in targeted communities across the Commonwealth which includes new testing sites in Agawam, Brockton, Methuen, Randolph, Revere, Springfield, Taunton and Worcester. The Administration previously launched free testing sites in Chelsea, Everett, Fall River, Lawrence, Lowell, Lynn, Marlborough and New Bedford, bringing the total number of communities served, with today�s expansion, to 16.",2020-07-27,2020-07-27,NA,United States of America,USA,US,Provincial,0,Massachusetts,NA,Health Testing,NA,NA,,United States,NA,NA,Massachusetts,NA,NA,NA,NA,NA,Voluntary/Recommended but No Penalties,Provincial/State Government,NA,NA,NA,NA,https://www.mass.gov/news/baker-polito-administration-announces-expansion-of-targeted-free-covid-19-testing-sites,2020-08-11,2020-08-11
1928,R_2dhlJjHPoN9zfn0NA,5496616,new_entry,original,NA,NA,"On August 20th, the Baker-Polito Administration today announced two rapid response testing initiatives for schools to address potential clusters of COVID-19 cases among students, teachers or staff at a school building. School officials, after consultation with public health authorities, will be able to request a state-sponsored mobile testing unit come to their school to test a group of students and/or staff if a potential cluster of COVID-19 has been identified and transmission appears to have occurred within the school. This resource is available to both public and private schools.",2020-08-20,2020-08-20,NA,United States of America,USA,US,Provincial,0,Massachusetts,NA,Health Testing,NA,NA,,United States,NA,NA,Massachusetts,NA,NA,NA,NA,NA,Voluntary/Recommended but No Penalties,Provincial/State Government,NA,NA,NA,NA,https://www.mass.gov/news/baker-polito-administration-announces-testing-initiatives-to-support-k-12-schools,2020-09-01,2020-09-01
2124,R_1gjx0qGRYH8lWXhNA,3559365,new_entry,original,NA,NA,"The Baker-Polito Administration of Massachusetts announced on September 29th that effective Monday, October 5th, lower risk communities will be permitted to move into Step II of Phase III of the Commonwealth�s reopening plan.",2020-09-29,2020-10-05,NA,United States of America,USA,US,Provincial,0,Massachusetts,NA,Lockdown,NA,NA,,United States,NA,NA,Massachusetts,NA,NA,NA,NA,NA,Voluntary/Recommended but No Penalties,Provincial/State Government,NA,NA,NA,NA,https://www.mass.gov/news/baker-polito-administration-announces-transition-to-step-ii-of-phase-iii-for-lower-risk,2020-10-06,2020-10-06
2171,R_2Xgs9D7BThrg9IjNA,2420791,new_entry,original,NA,NA,"Governor Charlie Baker on 03.19.2020 activated the Massachusetts National Guard to support the Commonwealth�s response to the COVID-19 outbreak, representing a significant addition of supply chain resources available to the Commonwealth and its residents.",2020-03-19,2020-03-19,NA,United States of America,USA,US,Provincial,1,Massachusetts,NA,"New Task Force, Bureau or Administrative Configuration",NA,NA,,United States,NA,NA,Massachusetts,NA,NA,All Residents (Citizen Residents + Foreign Residents),NA,NA,Mandatory (Unspecified/Implied),Provincial/State Government,52.18616881,51.31944108,50.58720086,76,https://www.mass.gov/news/baker-polito-administration-activates-massachusetts-national-guard-to-support-covid-19,2020-04-12,2020-04-12
2179,R_1obdHpTgF4R5UhMNA,4735851,new_entry,original,NA,NA,"On the 25th of March, the Baker-Polito Administration announced the COVID-19 Advisory Board, a group of medical experts that will support the Response Command Center as the Commonwealth continues to respond to COVID-19.",2020-03-25,2020-03-25,NA,United States of America,USA,US,Provincial,1,Massachusetts,NA,"New Task Force, Bureau or Administrative Configuration",NA,NA,,United States,NA,NA,Massachusetts,NA,NA,All Residents (Citizen Residents + Foreign Residents),NA,NA,Mandatory (Unspecified/Implied),Provincial/State Government,52.5582886,51.64160089,50.89320161,63,https://www.mass.gov/news/baker-polito-administration-announces-covid-19-response-command-center-advisory-board-of,2020-04-22,2020-04-22
2196,R_rr3ZG4WSAnSeVepNA,126329,new_entry,original,NA,NA,"The Department of Public Health in Massachusetts convened a Crisis Standards of Care Advisory Committee. Their recommendations helped inform ethical, equitable and transparent guidelines for providing acute care during a crisis.",2020-04-08,2020-04-08,NA,United States of America,USA,US,Provincial,1,Massachusetts,NA,"New Task Force, Bureau or Administrative Configuration",NA,NA,,United States,NA,NA,Massachusetts,NA,NA,All Residents (Citizen Residents + Foreign Residents),NA,NA,Mandatory (Unspecified/Implied),"Ministry/Department of Health,Provincial/State Government",52.99505011,52.1126292,51.39481934,60,https://www.mass.gov/news/baker-polito-administration-announces-testing-site-expansion-new-restrictions-for-grocery,2020-04-26,2020-04-26
2262,R_RVbnp2rSf9bMolHCb,1021723,new_entry,original,NA,NA,"Baker-Polito Administration, on July 16, announced $19.6 million for municipalities to address emergency needs in light of the Coronavirus pandemic. This funding will support 174 communities in their work to provide vital services to low-income residents and small businesses affected by the recent outbreak.",2020-07-16,2020-07-16,NA,United States of America,USA,US,Provincial,1,Massachusetts,NA,"New Task Force, Bureau or Administrative Configuration",Other Administrative Configurations,NA,,United States,NA,NA,Massachusetts,NA,NA,All Residents (Citizen Residents + Foreign Residents),NA,NA,Mandatory (Unspecified/Implied),Provincial/State Government,NA,NA,NA,NA,https://www.mass.gov/news/baker-polito-administration-announces-20-million-to-support-vital-social-services-small,2020-08-01,2020-08-01
2268,R_2DZXVJgd4aNZcqxBx,2824230,new_entry,original,NA,NA,"On October 7th,  Baker-Polito Administration announced a COVID-19 Vaccine Advisory Group to advance its efforts to prepare to distribute a safe and effective COVID-19 vaccine once it becomes available.",2020-10-07,2020-10-07,NA,United States of America,USA,US,Provincial,1,Massachusetts,NA,"New Task Force, Bureau or Administrative Configuration",New Task Force or Bureau (i.e. establishment of a temporary body),NA,,United States,NA,NA,Massachusetts,NA,NA,All Residents (Citizen Residents + Foreign Residents),NA,NA,Mandatory (Unspecified/Implied),Provincial/State Government,NA,NA,NA,NA,https://www.mass.gov/news/baker-polito-administration-announces-covid-19-vaccine-advisory-group,2020-10-15,2020-10-15
2375,R_3GBbLby9vcXC9ksNA,4869964,new_entry,original,NA,NA,"The Baker-Polito Administration today announced a new request to the federal government for a Major Disaster Declaration in Massachusetts, USA to sustain the Commonwealth�s response to COVID-19.",2020-03-26,2020-03-26,NA,United States of America,USA,US,Provincial,1,Massachusetts,NA,Other Policy Not Listed Above,NA,The state government requested the Federal government for a Major Disaster Declaration,,United States,One or more geographical or administrative units within one or more countries,NA,Massachusetts,NA,NA,All Residents (Citizen Residents + Foreign Residents),NA,Not Applicable,Voluntary/Recommended but No Penalties,"National Government,Provincial/State Government",52.5480048,51.70623677,50.94438502,63,https://www.mass.gov/news/baker-polito-administration-announces-federal-disaster-request-and-other-covid-19-response,2020-04-22,2020-04-22
2382,R_3fUAeFalV6fMf9rNA,2641100,new_entry,original,NA,NA,"On March 28 2020, the Baker-Polito Administration Announces Federal Disaster Declaration for COVID-19 Response",2020-03-28,2020-03-28,NA,United States of America,USA,US,Provincial,1,Massachusetts,NA,Other Policy Not Listed Above,NA,"The White House and FEMA announced today that the President has issued a Major Disaster Declaration that will make federal disaster assistance available beyond what was included in the Emergency Declaration declared by President Trump on March 13, 2020.",,United States,One or more geographical or administrative units within one or more countries,NA,Massachusetts,NA,NA,All Residents (Citizen Residents + Foreign Residents),NA,Not Applicable,Mandatory (Unspecified/Implied),"National Government,Provincial/State Government",52.6513468,51.79124831,51.05577418,62,https://www.mass.gov/news/baker-polito-administration-announces-federal-disaster-declaration-for-covid-19-response,2020-04-26,2020-04-26
2666,R_3fiOfIWWlT5WDNvNA,3399822,new_entry,original,NA,NA,"Governor Charlie Baker on 7/21/2020, extended the pause on evictions and foreclosures for 60 days, until October 17, 2020.",2020-07-21,2020-07-21,10/17/2020,United States of America,USA,US,Provincial,0,Massachusetts,NA,Other Policy Not Listed Above,NA,This Policy prevents Tenants from Eviction/Foreclosures,,United States,NA,NA,Massachusetts,NA,NA,NA,NA,NA,Mandatory (Unspecified/Implied),Provincial/State Government,NA,NA,NA,NA,https://www.mass.gov/news/baker-polito-administration-extends-moratorium-on-evictions-and-foreclosures-to-october-17,2020-08-11,2020-08-11
2674,R_3lFxQkyGb3eWZAvNA,1575620,new_entry,original,NA,NA,"On August 18th, the Baker-Polito Administration announced $3.3 million in grants to address urgent food insecurity for Massachusetts residents as a result of the COVID-19 pandemic and make the Commonwealth�s food system more resilient.",2020-08-18,2020-08-18,NA,United States of America,USA,US,Provincial,0,Massachusetts,NA,Other Policy Not Listed Above,NA,The policy provides a food grant for Massachusetts residents during the COVID pandemic,,United States,NA,NA,Massachusetts,NA,NA,NA,NA,NA,Voluntary/Recommended but No Penalties,Provincial/State Government,NA,NA,NA,NA,https://www.mass.gov/news/baker-polito-administration-awards-over-3-million-to-improve-food-security-in-massachusetts,2020-09-01,2020-09-01
2685,R_25T5EP5Y9OyATDPNA,6021194,new_entry,original,NA,NA,"On October 12th, the Baker-Polito Administration announced a comprehensive set of resources, known as the Eviction Diversion Initiative, to support tenants and landlords during the financial challenges caused by the pandemic.",2020-10-12,2020-10-12,NA,United States of America,USA,US,Provincial,0,Massachusetts,NA,Other Policy Not Listed Above,NA,"The goal of this initiative is to keep tenants safely in their homes and to support the ongoing expenses of landlords once the Commonwealth�s pause of evictions and foreclosures expires on Saturday, October 17th",,United States,NA,NA,Massachusetts,NA,NA,NA,NA,NA,Mandatory (Unspecified/Implied),Provincial/State Government,NA,NA,NA,NA,https://www.mass.gov/news/baker-polito-administration-announces-comprehensive-eviction-diversion-initiative-to-keep,2020-10-15,2020-10-15
2864,R_2QRr6huLbwP34YKAr,1152786,new_entry,original,NA,NA,"The Baker-Polito Administration on July 31st,  launched #MaskUpMA, an effort to continue to remind residents to wear masks and face-coverings in public to stop the spread of COVID-19.",2020-07-31,2020-07-31,NA,United States of America,USA,US,Provincial,0,Massachusetts,NA,Public Awareness Measures,Disseminating information related to COVID-19 to the public that is reliable and factually accurate,NA,,United States,NA,NA,Massachusetts,NA,NA,NA,NA,NA,Mandatory (Unspecified/Implied),Provincial/State Government,NA,NA,NA,NA,https://www.mass.gov/news/baker-polito-administration-launches-maskupma-reminding-residents-to-wear-face-coverings-to,2020-08-12,2020-08-12
2870,R_2uJrO7WFKAjIMgqAr,5904284,new_entry,original,NA,NA,"On August 25th, Governor Charlie Baker and Lt. Governor Karyn Polito announced the launch of an effort to encourage residents of the Commonwealth to support their local economies by shopping at local Massachusetts businesses and attractions, safely � in person, online, and using curbside pickup or takeout. The Baker-Polito Administration�s �My Local MA� advertising campaign was developed as a response to the economic impact the COVID-19 pandemic has had on Massachusetts local businesses and communities.",2020-08-25,2020-08-28,NA,United States of America,USA,US,Provincial,0,Massachusetts,NA,Public Awareness Measures,Disseminating information related to COVID-19 to the public that is reliable and factually accurate,NA,,United States,NA,NA,Massachusetts,NA,NA,NA,NA,NA,Voluntary/Recommended but No Penalties,Provincial/State Government,NA,NA,NA,NA,https://www.mass.gov/news/massachusetts-launches-my-local-ma-campaign-to-drive-economic-activity-and-safely-support,2020-09-01,2020-09-01
2874,R_12DMkDhJGy3rZMZAr,7070057,new_entry,original,NA,NA,"The Baker-Polito Administration announced on September 23rd, a new grant program to help prevent and reduce the spread of COVID-19 in communities of color.",2020-09-23,2020-09-23,10/14/2020,United States of America,USA,US,Provincial,0,Massachusetts,NA,Public Awareness Measures,Disseminating information related to COVID-19 to the public that is reliable and factually accurate,NA,,United States,NA,NA,Massachusetts,NA,NA,NA,NA,NA,Voluntary/Recommended but No Penalties,Provincial/State Government,NA,NA,NA,NA,https://www.mass.gov/news/baker-polito-administration-announces-new-grant-program-to-help-stop-the-spread-of-covid-19-in,2020-10-06,2020-10-06
2878,R_2V4QSYBNsljMm84Ar,7366026,new_entry,original,NA,NA,"On October 13th, the Baker-Polito Administration Announced COVID-19 Measures in Place to Ensure Readiness for Fall and Winter.",2020-10-13,2020-10-13,NA,United States of America,USA,US,Provincial,0,Massachusetts,NA,Public Awareness Measures,Disseminating information related to COVID-19 to the public that is reliable and factually accurate,NA,,United States,NA,NA,Massachusetts,NA,NA,NA,NA,NA,Mandatory (Unspecified/Implied),Provincial/State Government,NA,NA,NA,NA,https://www.mass.gov/news/baker-polito-administration-announces-covid-19-measures-in-place-to-ensure-readiness-for-fall,2020-10-15,2020-10-15
2976,R_3fq2kPTj902GSLzDs,7035154,new_entry,original,NA,NA,"Beginning March 27, all travelers arriving to Massachusetts are instructed to self-quarantine for 14 days. Visitors are instructed not to travel to Massachusetts if they are displaying symptoms.",2020-03-27,2020-03-27,NA,United States of America,USA,US,Provincial,1,Massachusetts,NA,Quarantine,Self-Quarantine (i.e. quarantine at home),NA,,United States,One or more geographical or administrative units within one or more countries,NA,Massachusetts,NA,NA,All Residents (Citizen Residents + Foreign Residents),Inbound,All kinds of transport,Mandatory (Unspecified/Implied),Provincial/State Government,52.67395709,51.73972633,50.97799273,61,https://www.mass.gov/news/baker-polito-administration-announces-travel-guidelines-and-new-health-care-resources-to,2020-04-26,2020-04-26
3089,R_1pRJw2lbIrvxexXDs,9986356,new_entry,original,NA,NA,"Baker-Polito Administration announced new COVID-19 public health guidelines on travel and transportation. Effective Wednesday, July 1, all travelers arriving to Massachusetts, including residents returning home, are instructed to self-quarantine for 14-days. This does not apply to travelers from Rhode Island, Connecticut, Vermont, New Hampshire, Maine, New York or New Jersey.",2020-06-30,2020-07-01,NA,United States of America,USA,US,Provincial,0,Massachusetts,NA,Quarantine,Self-Quarantine (i.e. quarantine at home),NA,,United States,NA,NA,Massachusetts,NA,NA,NA,NA,NA,Mandatory (Unspecified/Implied),Provincial/State Government,NA,NA,NA,NA,https://www.mass.gov/news/baker-polito-administration-announces-updated-travel-guidelines-to-support-covid-19-response,2020-07-02,2020-07-02
3099,R_1pDxtc5RVCGZWbeDs,8273606,new_entry,original,NA,NA,"Governor Charlie Baker announced on 7/24/2020 that effective August 1st, all travelers entering the Commonwealth, including both out of state residents and Massachusetts residents returning home, will be required to comply with a new travel order.Traveler exemptions include people passing through the state, people commuting across state lines for work, people traveling to Massachusetts for medical treatment, people complying with military orders, or people traveling to work in federally designated critical infrastructure sector, and people from those lower risk states will include: New York, New Jersey, Connecticut, Maine, Rhode Island, Vermont, New Hampshire and Hawaii.",2020-07-24,2020-08-01,NA,United States of America,USA,US,Provincial,0,Massachusetts,NA,Quarantine,Self-Quarantine (i.e. quarantine at home),NA,,United States,NA,NA,Massachusetts,NA,NA,NA,NA,NA,Mandatory with Fines,Provincial/State Government,NA,NA,NA,NA,https://www.mass.gov/news/baker-polito-administration-issues-new-travel-order-effective-august-1st,2020-08-11,2020-08-11
3388,R_2c1OKe5LwvcUKv2Dq,1172158,new_entry,original,NA,NA,"Governor Charlie Baker of Massachusetts, USA, Orders All Non-Essential Businesses To Cease In Person Operation as of March 24 2020.",2020-03-23,2020-03-24,5/4/2020,United States of America,USA,US,Provincial,1,Massachusetts,NA,Restriction and Regulation of Businesses,Retail Businesses,NA,,United States,NA,NA,Massachusetts,NA,NA,All Residents (Citizen Residents + Foreign Residents),NA,NA,Mandatory (Unspecified/Implied),Provincial/State Government,52.47263502,51.58597155,50.89657464,63,https://www.mass.gov/news/governor-charlie-baker-orders-all-non-essential-businesses-to-cease-in-person-operation,2020-04-22,2020-04-22
3389,R_2c1OKe5LwvcUKv2Dk,1172158,new_entry,original,NA,NA,"Governor Charlie Baker of Massachusetts, USA, Orders All Non-Essential Businesses To Cease In Person Operation as of March 24 2020.",2020-03-23,2020-03-24,5/4/2020,United States of America,USA,US,Provincial,1,Massachusetts,NA,Restriction and Regulation of Businesses,Restaurants,NA,,United States,NA,NA,Massachusetts,NA,NA,All Residents (Citizen Residents + Foreign Residents),NA,NA,Mandatory (Unspecified/Implied),Provincial/State Government,52.47263502,51.58597155,50.89657464,63,https://www.mass.gov/news/governor-charlie-baker-orders-all-non-essential-businesses-to-cease-in-person-operation,2020-04-22,2020-04-22
3390,R_2c1OKe5LwvcUKv2Dt,1172158,new_entry,original,NA,NA,"Governor Charlie Baker of Massachusetts, USA, Orders All Non-Essential Businesses To Cease In Person Operation as of March 24 2020.",2020-03-23,2020-03-24,5/4/2020,United States of America,USA,US,Provincial,1,Massachusetts,NA,Restriction and Regulation of Businesses,Shopping Centers,NA,,United States,NA,NA,Massachusetts,NA,NA,All Residents (Citizen Residents + Foreign Residents),NA,NA,Mandatory (Unspecified/Implied),Provincial/State Government,52.47263502,51.58597155,50.89657464,63,https://www.mass.gov/news/governor-charlie-baker-orders-all-non-essential-businesses-to-cease-in-person-operation,2020-04-22,2020-04-22
3391,R_2c1OKe5LwvcUKv2By,1172158,new_entry,original,NA,NA,"Governor Charlie Baker of Massachusetts, USA, Orders All Non-Essential Businesses To Cease In Person Operation as of March 24 2020.",2020-03-23,2020-03-24,5/4/2020,United States of America,USA,US,Provincial,1,Massachusetts,NA,Restriction and Regulation of Businesses,Non-Essential Commercial Businesses,NA,,United States,NA,NA,Massachusetts,NA,NA,All Residents (Citizen Residents + Foreign Residents),NA,NA,Mandatory (Unspecified/Implied),Provincial/State Government,52.47263502,51.58597155,50.89657464,63,https://www.mass.gov/news/governor-charlie-baker-orders-all-non-essential-businesses-to-cease-in-person-operation,2020-04-22,2020-04-22
3392,R_2c1OKe5LwvcUKv2Cq,1172158,new_entry,original,NA,NA,"Governor Charlie Baker of Massachusetts, USA, Orders All Non-Essential Businesses To Cease In Person Operation as of March 24 2020.",2020-03-23,2020-03-24,5/4/2020,United States of America,USA,US,Provincial,1,Massachusetts,NA,Restriction and Regulation of Businesses,Personal Grooming Businesses (e.g. hair salons),NA,,United States,NA,NA,Massachusetts,NA,NA,All Residents (Citizen Residents + Foreign Residents),NA,NA,Mandatory (Unspecified/Implied),Provincial/State Government,52.47263502,51.58597155,50.89657464,63,https://www.mass.gov/news/governor-charlie-baker-orders-all-non-essential-businesses-to-cease-in-person-operation,2020-04-22,2020-04-22
3540,R_2AKJSYIsM5mDtk8Dq,1172158,update,original,NA,Strengthening,"Governor Charlie Baker�s emergency order requiring that all businesses and organizations that do not provide �COVID-19 Essential Services� close their physical workplaces and facilities to workers, customers and the public will be extended until May 4.",2020-03-31,2020-03-31,5/4/2020,United States of America,USA,US,Provincial,0,Massachusetts,NA,Restriction and Regulation of Businesses,Retail Businesses,NA,,United States,NA,NA,Massachusetts,NA,NA,All Residents (Citizen Residents + Foreign Residents),NA,NA,Mandatory (Unspecified/Implied),Provincial/State Government,52.74924417,51.9128854,51.23023123,61,https://www.mass.gov/news/baker-polito-administration-extends-non-essential-business-closures-and-executive-branch,2020-04-26,2020-04-26
3541,R_2AKJSYIsM5mDtk8Dk,1172158,update,original,NA,Strengthening,"Governor Charlie Baker�s emergency order requiring that all businesses and organizations that do not provide �COVID-19 Essential Services� close their physical workplaces and facilities to workers, customers and the public will be extended until May 4.",2020-03-31,2020-03-31,5/4/2020,United States of America,USA,US,Provincial,0,Massachusetts,NA,Restriction and Regulation of Businesses,Restaurants,NA,,United States,NA,NA,Massachusetts,NA,NA,All Residents (Citizen Residents + Foreign Residents),NA,NA,Mandatory (Unspecified/Implied),Provincial/State Government,52.74924417,51.9128854,51.23023123,61,https://www.mass.gov/news/baker-polito-administration-extends-non-essential-business-closures-and-executive-branch,2020-04-26,2020-04-26
3542,R_2AKJSYIsM5mDtk8Dt,1172158,update,original,NA,Strengthening,"Governor Charlie Baker�s emergency order requiring that all businesses and organizations that do not provide �COVID-19 Essential Services� close their physical workplaces and facilities to workers, customers and the public will be extended until May 4.",2020-03-31,2020-03-31,5/4/2020,United States of America,USA,US,Provincial,0,Massachusetts,NA,Restriction and Regulation of Businesses,Shopping Centers,NA,,United States,NA,NA,Massachusetts,NA,NA,All Residents (Citizen Residents + Foreign Residents),NA,NA,Mandatory (Unspecified/Implied),Provincial/State Government,52.74924417,51.9128854,51.23023123,61,https://www.mass.gov/news/baker-polito-administration-extends-non-essential-business-closures-and-executive-branch,2020-04-26,2020-04-26
3543,R_2AKJSYIsM5mDtk8By,1172158,update,original,NA,Strengthening,"Governor Charlie Baker�s emergency order requiring that all businesses and organizations that do not provide �COVID-19 Essential Services� close their physical workplaces and facilities to workers, customers and the public will be extended until May 4.",2020-03-31,2020-03-31,5/4/2020,United States of America,USA,US,Provincial,0,Massachusetts,NA,Restriction and Regulation of Businesses,Non-Essential Commercial Businesses,NA,,United States,NA,NA,Massachusetts,NA,NA,All Residents (Citizen Residents + Foreign Residents),NA,NA,Mandatory (Unspecified/Implied),Provincial/State Government,52.74924417,51.9128854,51.23023123,61,https://www.mass.gov/news/baker-polito-administration-extends-non-essential-business-closures-and-executive-branch,2020-04-26,2020-04-26
3544,R_2AKJSYIsM5mDtk8Cq,1172158,update,original,NA,Strengthening,"Governor Charlie Baker�s emergency order requiring that all businesses and organizations that do not provide �COVID-19 Essential Services� close their physical workplaces and facilities to workers, customers and the public will be extended until May 4.",2020-03-31,2020-03-31,5/4/2020,United States of America,USA,US,Provincial,0,Massachusetts,NA,Restriction and Regulation of Businesses,Personal Grooming Businesses (e.g. hair salons),NA,,United States,NA,NA,Massachusetts,NA,NA,All Residents (Citizen Residents + Foreign Residents),NA,NA,Mandatory (Unspecified/Implied),Provincial/State Government,52.74924417,51.9128854,51.23023123,61,https://www.mass.gov/news/baker-polito-administration-extends-non-essential-business-closures-and-executive-branch,2020-04-26,2020-04-26
4665,R_3Pq3ny9BXchaH2ANA,1784263,new_entry,original,NA,NA,"On 03.13.2020, Governor Charlie Baker issued an emergency order prohibiting most gatherings of over 250 people in an effort to limit the spread of the Coronavirus in Massachusetts, USA.",2020-03-13,2020-03-13,4/6/2020,United States of America,USA,US,Provincial,1,Massachusetts,NA,Restrictions of Mass Gatherings,NA,NA,,United States,NA,NA,Massachusetts,NA,NA,All Residents (Citizen Residents + Foreign Residents),NA,NA,Mandatory (Unspecified/Implied),"Ministry/Department of Health,Provincial/State Government",51.56335659,50.82267888,50.23087503,102,https://www.mass.gov/news/governor-baker-issues-order-limiting-large-gatherings-in-the-commonwealth,2020-04-09,2020-04-09
4736,R_1ez21orUcXYk9dsNA,1784263,update,original,NA,Strengthening,"Gov. Baker of Massachusetts, USA, has limited gatherings to a 10 person maximum on March 23rd 2020.",2020-03-23,2020-03-23,4/6/2020,United States of America,USA,US,Provincial,1,Massachusetts,NA,Restrictions of Mass Gatherings,NA,NA,,United States,NA,NA,Massachusetts,NA,NA,All Residents (Citizen Residents + Foreign Residents),NA,NA,Mandatory (Unspecified/Implied),"Ministry/Department of Health,Provincial/State Government",52.46787714,51.54815051,50.80396693,62,https://www.mass.gov/news/governor-charlie-baker-orders-all-non-essential-businesses-to-cease-in-person-operation,2020-04-22,2020-04-22
4905,R_27dHccc90XhaenWAh,2989661,new_entry,original,NA,NA,"Governor Charlie Baker announced on August 7th, a new set of initiatives, including stricter statewide rules for public and private gatherings and targeted community guidance, aimed at stopping the spread of COVID-19 in Massachusetts.",2020-08-07,2020-08-07,NA,United States of America,USA,US,Provincial,1,Massachusetts,NA,Restrictions of Mass Gatherings,Attendance at religious services restricted (e.g. mosque/church closings),NA,,United States,NA,NA,Massachusetts,NA,NA,All Residents (Citizen Residents + Foreign Residents),NA,NA,Mandatory with Fines,Provincial/State Government,NA,NA,NA,NA,https://www.mass.gov/news/baker-polito-administration-announces-new-initiatives-to-stop-spread-of-covid-19,2020-08-12,2020-08-12
4906,R_27dHccc90XhaenWAv,2989661,new_entry,original,NA,NA,"Governor Charlie Baker announced on August 7th, a new set of initiatives, including stricter statewide rules for public and private gatherings and targeted community guidance, aimed at stopping the spread of COVID-19 in Massachusetts.",2020-08-07,2020-08-07,NA,United States of America,USA,US,Provincial,1,Massachusetts,NA,Restrictions of Mass Gatherings,Events at private residencies restricted (e.g. parties held at home),NA,,United States,NA,NA,Massachusetts,NA,NA,All Residents (Citizen Residents + Foreign Residents),NA,NA,Mandatory with Fines,Provincial/State Government,NA,NA,NA,NA,https://www.mass.gov/news/baker-polito-administration-announces-new-initiatives-to-stop-spread-of-covid-19,2020-08-12,2020-08-12
4921,R_122TX2g8pKkq4QnCk,2493843,new_entry,original,NA,NA,"On September 24th, the Baker-Polito Administration announced new guidance that allows safe indoor visitation to resume in nursing homes and rest homes, and further expands indoor visitation options in assisted living residences (ALRs) starting Friday, September 25.",2020-09-24,2020-09-25,NA,United States of America,USA,US,Provincial,1,Massachusetts,NA,Restrictions of Mass Gatherings,Other mass gatherings not specified above restricted,NA,,United States,NA,NA,Massachusetts,NA,NA,All Residents (Citizen Residents + Foreign Residents),NA,NA,Mandatory (Unspecified/Implied),Provincial/State Government,NA,NA,NA,NA,https://www.mass.gov/news/baker-polito-administration-announces-new-indoor-visitation-guidance-for-nursing-homes-rest,2020-10-06,2020-10-06
4926,R_2YfgxEI0z9YyDxbNA,5712630,new_entry,original,NA,NA,"On the 03.11.2020, the Baker-Polito Administration released policies restricting visitors to nursing homes and rest homes in order to protect older adults at higher risk for COVID-19 and other respiratory illness.",2020-03-11,2020-03-11,NA,United States of America,USA,US,Provincial,1,Massachusetts,NA,Social Distancing,NA,NA,,United States,NA,NA,Massachusetts,NA,NA,All Residents (Citizen Residents + Foreign Residents),NA,NA,Mandatory (Unspecified/Implied),"Ministry/Department of Health,Provincial/State Government",51.48865662,50.68970583,50.07324803,112,https://www.mass.gov/news/massachusetts-issues-policies-and-procedures-restricting-visitors-to-nursing-homes-and-rest,2020-04-09,2020-04-09
4969,R_33x4o5D97DEgWjrNA,2637551,new_entry,original,NA,NA,"Governor Baker of Massachusetts, USA, has directed the Department of Public Health to issue a stay at home advisory outlining self-isolation and social distancing protocols.",2020-03-23,2020-03-23,NA,United States of America,USA,US,Provincial,1,Massachusetts,NA,Social Distancing,NA,NA,,United States,NA,NA,Massachusetts,NA,NA,All Residents (Citizen Residents + Foreign Residents),NA,NA,Voluntary/Recommended but No Penalties,"Ministry/Department of Health,Provincial/State Government",52.46787714,51.54815051,50.80396693,62,https://www.mass.gov/news/governor-charlie-baker-orders-all-non-essential-businesses-to-cease-in-person-operation,2020-04-22,2020-04-22
5015,R_2eR9PSQjklLacSoNA,7131256,new_entry,original,NA,NA,"The Baker-Polito Administration today issued an emergency order requiring all coastal beach reservation parking areas managed by the Department of Conservation and Recreation (DCR) to close effective 12:00 PM on Friday, April 3, 2020 to reduce large concentrations of people at beaches during the COVID-19 outbreak. Additionally, effective 12:00 PM on Friday, April 3, 2020, DCR will open select seasonal state parks early and expand access at other parks in Massachusetts, USA.",2020-04-02,2020-04-03,NA,United States of America,USA,US,Provincial,1,Massachusetts,NA,Social Distancing,NA,NA,,United States,NA,NA,Massachusetts,NA,NA,All Residents (Citizen Residents + Foreign Residents),NA,NA,"Mandatory with Fines,Mandatory (Unspecified/Implied)","Provincial/State Government,Other (Please specify in the text box)",52.81111251,52.02612593,51.32872841,60,https://www.mass.gov/news/baker-polito-administration-announces-additional-steps-to-encourage-social-distancing-at-state,2020-04-08,2020-04-08
5025,R_4U7KsndIm3ZJzyxNA,2284098,new_entry,original,NA,NA,The Department of Public Health of Massachusetts released further guidance to promote social distancing at grocery stores. The new guidance requires that each grocery store limit occupancy to 40% of its maximum permitted occupancy level (except stores with a maximum occupancy of less than 25 people).,2020-04-08,2020-04-08,NA,United States of America,USA,US,Provincial,1,Massachusetts,NA,Social Distancing,NA,NA,,United States,NA,NA,Massachusetts,NA,NA,All Residents (Citizen Residents + Foreign Residents),NA,NA,Mandatory (Unspecified/Implied),"Ministry/Department of Health,Provincial/State Government",52.99505011,52.1126292,51.39481934,60,https://www.mass.gov/news/baker-polito-administration-announces-testing-site-expansion-new-restrictions-for-grocery,2020-04-26,2020-04-26
